{
  "wall_time_ms": 72.4109269795008,
  "cpu_time_ms": 72.40016699999995,
  "peak_memory_kb": 905.0302734375,
  "avg_latency_ms": 0.11325680688502113,
  "p95_latency_ms": 0.1612310006748885,
  "scenario_count": 253
}