{
  "wall_time_ms": 77.490461000707,
  "cpu_time_ms": 77.485621,
  "peak_memory_kb": 947.4638671875,
  "avg_latency_ms": 0.11299480281479421,
  "p95_latency_ms": 0.16577800852246583,
  "scenario_count": 253
}